Date,Open,High,Low,Close,Volume
22-May-02,28.91,29.67,28.71,29.59,41216600
21-May-02,30.20,30.34,28.96,29.07,48063600
20-May-02,30.60,30.80,29.92,30.19,37234800
17-May-02,31.00,31.36,30.59,31.20,53195200
16-May-02,30.22,30.79,29.91,30.77,37284100
15-May-02,29.68,31.00,29.50,30.24,53419600
14-May-02,29.92,30.35,29.37,30.15,57087400
13-May-02,27.20,28.56,27.11,28.52,40695200
10-May-02,28.46,28.61,26.92,27.01,43997500
9-May-02,28.65,28.85,27.80,28.24,41394900
8-May-02,27.24,29.06,27.07,28.98,58152400
7-May-02,26.15,26.98,25.56,26.15,55914400
6-May-02,26.50,27.00,25.75,25.78,44269700
3-May-02,27.85,27.95,26.49,26.56,50945400
2-May-02,28.49,29.20,27.75,27.85,41815600
1-May-02,28.55,29.03,27.52,28.61,46014800
30-Apr-02,27.99,29.23,27.88,28.59,45052800
29-Apr-02,28.15,28.43,27.49,28.02,40652200
26-Apr-02,29.41,29.44,28.08,28.10,39343600
25-Apr-02,28.64,29.46,28.15,29.07,49886000
24-Apr-02,29.64,29.97,28.86,28.89,38224600
23-Apr-02,30.15,30.32,29.34,29.52,42582500
22-Apr-02,29.92,30.20,29.51,30.04,34145800
19-Apr-02,30.80,30.83,30.04,30.08,34806900
18-Apr-02,30.52,30.91,29.84,30.43,45465200
17-Apr-02,31.18,31.26,30.29,30.62,63790400
16-Apr-02,29.06,29.78,28.96,29.49,60448200
15-Apr-02,28.19,28.70,27.74,28.09,42941400
12-Apr-02,29.13,29.13,28.05,28.37,40682600
11-Apr-02,28.81,29.42,28.49,28.92,42024500
10-Apr-02,28.63,29.37,27.99,29.24,60569500
9-Apr-02,29.89,30.22,28.39,28.44,61982800
8-Apr-02,29.02,30.02,28.48,29.91,45247300
5-Apr-02,30.66,30.68,29.78,30.03,32757200
4-Apr-02,30.03,30.66,29.93,30.57,43744800
3-Apr-02,30.06,30.27,29.36,29.85,42763300
2-Apr-02,30.56,30.88,30.00,30.01,37849000
1-Apr-02,30.12,31.43,30.00,31.15,32592200
28-Mar-02,30.79,31.23,30.36,30.39,33005100
27-Mar-02,30.45,30.48,29.93,30.39,38028800
26-Mar-02,29.99,31.02,29.93,30.75,37563100
25-Mar-02,30.68,30.95,29.94,29.98,42929400
22-Mar-02,31.08,31.19,30.44,30.57,33576400
21-Mar-02,30.57,31.47,30.44,31.38,36841700
20-Mar-02,30.56,30.69,30.00,30.51,51105500
19-Mar-02,31.69,32.14,31.24,31.70,33498000
18-Mar-02,31.91,32.23,31.22,31.60,38894600
15-Mar-02,30.85,31.83,30.78,31.72,49693300
14-Mar-02,31.24,31.63,30.78,30.95,39862300
13-Mar-02,31.99,32.04,31.03,31.32,56552400
12-Mar-02,32.45,33.00,32.29,32.97,37674800
11-Mar-02,33.80,34.06,33.14,33.40,40275400
8-Mar-02,33.17,34.23,32.82,34.15,70218400
7-Mar-02,33.49,33.59,32.02,32.96,55171900
6-Mar-02,32.82,33.06,32.11,32.94,44898700
5-Mar-02,32.49,33.27,32.38,32.68,68035700
4-Mar-02,30.93,31.86,29.86,31.83,57664400
1-Mar-02,29.07,30.99,28.97,30.96,58489400
28-Feb-02,30.09,30.09,28.48,28.53,64454700
27-Feb-02,30.53,31.05,29.26,29.87,57714000
26-Feb-02,31.23,31.42,29.73,30.00,61576000
25-Feb-02,29.74,31.49,29.71,31.00,52400300
22-Feb-02,29.49,30.08,29.15,29.51,56059600
21-Feb-02,30.32,30.66,29.46,29.46,76409400
20-Feb-02,31.48,31.57,29.93,31.42,63430900
19-Feb-02,31.72,32.15,31.16,31.32,44224000
15-Feb-02,33.40,33.65,31.93,32.27,47587600
14-Feb-02,33.61,34.33,33.29,33.32,44874100
13-Feb-02,33.18,33.68,33.04,33.36,36786800
12-Feb-02,33.09,33.46,32.62,32.95,37593400
11-Feb-02,32.22,33.61,32.10,33.55,37651700
8-Feb-02,32.49,32.58,31.36,32.50,60722800
7-Feb-02,32.78,33.28,32.08,32.29,46596000
6-Feb-02,33.75,33.78,32.51,32.90,51612200
5-Feb-02,33.78,34.37,33.38,33.78,40974500
31-Jan-02,34.57,35.10,34.28,34.99,63035000
30-Jan-02,32.83,33.85,32.42,33.82,47008900
29-Jan-02,33.85,34.26,32.46,32.64,44733000
28-Jan-02,33.79,34.27,33.28,33.88,29919400
25-Jan-02,32.83,34.12,32.71,33.64,35832800
24-Jan-02,32.88,33.56,32.52,33.16,53902500
23-Jan-02,31.62,32.57,31.58,32.41,49429000
22-Jan-02,33.51,33.55,31.52,31.66,52957100
18-Jan-02,33.51,34.26,33.12,33.44,51643600
17-Jan-02,34.01,34.71,33.56,34.49,50498800
16-Jan-02,33.92,34.55,33.64,33.67,76428600
15-Jan-02,34.90,34.93,34.05,34.64,57115500
14-Jan-02,34.26,35.14,34.06,34.80,58696400
11-Jan-02,34.78,35.06,34.22,34.51,39583200
10-Jan-02,35.38,35.42,34.46,34.61,51679400
9-Jan-02,35.91,36.73,34.98,35.31,59083800
8-Jan-02,35.29,35.92,34.90,35.53,35636600
7-Jan-02,35.97,36.20,34.97,35.22,48808800
4-Jan-02,36.15,36.30,35.27,35.74,65032900
3-Jan-02,33.46,35.57,33.36,35.47,91464500
2-Jan-02,31.86,32.96,31.69,32.96,42357300
31-Dec-01,32.11,32.37,31.37,31.41,27975400
28-Dec-01,32.90,33.27,32.08,32.20,27584200
27-Dec-01,32.37,32.94,32.32,32.63,22443900
26-Dec-01,32.01,33.08,31.98,32.25,23231600
24-Dec-01,32.12,32.36,31.96,31.98,8673800
21-Dec-01,32.18,32.70,31.93,32.37,57817500
20-Dec-01,32.81,33.16,31.92,31.94,49423400
19-Dec-01,33.29,33.92,33.00,33.01,39961400
18-Dec-01,34.11,34.29,33.32,33.77,39780800
17-Dec-01,33.06,34.05,32.96,33.93,39108700
14-Dec-01,32.55,33.74,32.23,33.23,46155500
13-Dec-01,33.24,33.68,32.46,32.53,51006500
12-Dec-01,33.25,34.10,33.07,34.04,50047800
11-Dec-01,33.31,34.10,33.01,33.15,46751600
10-Dec-01,32.85,33.58,32.81,32.91,41557600
7-Dec-01,34.12,34.46,32.71,33.20,59279300
6-Dec-01,34.46,34.74,33.71,34.12,58338000
5-Dec-01,33.02,34.81,33.00,34.57,75429600
4-Dec-01,32.16,32.86,31.80,32.82,44357600
3-Dec-01,32.25,32.84,31.93,32.00,43008300
30-Nov-01,32.19,32.87,31.64,32.62,42399600
29-Nov-01,31.95,32.38,31.12,32.28,45961000
28-Nov-01,31.88,32.51,31.57,31.72,61282400
27-Nov-01,31.47,32.95,30.86,32.27,80781000
26-Nov-01,31.39,32.08,31.27,31.83,53246100
23-Nov-01,30.54,31.21,30.28,31.02,17574100
21-Nov-01,29.50,30.80,29.44,30.77,55275700
20-Nov-01,30.67,30.75,29.79,29.91,41297200
19-Nov-01,30.77,31.26,29.87,30.95,47857300
16-Nov-01,30.59,30.91,30.11,30.59,39647000
15-Nov-01,30.78,31.44,30.42,30.74,58207300
14-Nov-01,30.43,31.55,29.86,31.28,78499200
13-Nov-01,29.02,30.02,28.91,30.01,68022300
12-Nov-01,27.57,28.73,26.74,28.34,47878400
9-Nov-01,28.14,28.26,27.56,27.84,40852500
8-Nov-01,28.83,29.36,27.89,28.24,64845900
7-Nov-01,27.87,29.04,27.71,28.25,59713700
6-Nov-01,26.76,28.24,26.67,28.21,63152300
5-Nov-01,26.72,27.24,26.62,26.93,42474800
2-Nov-01,25.90,26.68,25.45,26.25,49877700
1-Nov-01,24.48,25.92,24.20,25.89,54534000
31-Oct-01,23.88,25.24,23.39,24.37,64549300
30-Oct-01,23.72,24.35,23.19,23.49,52532700
29-Oct-01,25.55,25.84,24.12,24.13,46369900
26-Oct-01,25.96,26.45,25.50,25.81,45505200
25-Oct-01,24.95,26.17,24.26,26.05,56318500
24-Oct-01,25.14,25.88,24.87,25.43,41092700
23-Oct-01,25.37,25.95,24.84,24.95,41881700
22-Oct-01,24.07,25.32,23.71,25.25,46022200
19-Oct-01,23.94,24.51,23.56,24.10,42197000
18-Oct-01,24.55,24.56,23.65,24.00,49862900
17-Oct-01,26.09,26.18,24.45,24.52,91448800
16-Oct-01,24.48,25.05,24.12,24.91,53540600
15-Oct-01,24.44,24.47,23.58,24.33,44391600
12-Oct-01,24.26,25.08,24.18,24.97,64736500
11-Oct-01,23.34,24.63,23.30,24.46,76342800
10-Oct-01,21.39,23.15,21.33,23.01,52538600
9-Oct-01,21.99,22.18,21.06,21.41,42528700
8-Oct-01,21.34,22.47,21.23,22.19,36853400
5-Oct-01,21.47,22.00,20.51,21.92,49112300
4-Oct-01,21.69,22.53,20.96,21.51,67181500
3-Oct-01,19.26,21.61,19.04,21.19,75582600
2-Oct-01,19.96,20.04,19.33,19.50,52207600
1-Oct-01,20.17,20.24,19.66,19.97,44631700
28-Sep-01,20.70,20.94,20.06,20.40,72640600
27-Sep-01,20.87,21.32,19.53,20.51,58791700
26-Sep-01,21.68,21.81,20.68,20.86,48082100
25-Sep-01,21.52,21.92,20.75,21.64,65914600
24-Sep-01,19.96,21.68,19.46,21.27,79136200
21-Sep-01,18.97,20.71,18.92,19.26,116397800
20-Sep-01,21.42,22.22,20.46,20.63,70338800
19-Sep-01,23.51,23.64,20.82,22.23,86255200
18-Sep-01,23.83,24.43,23.15,23.42,56115100
17-Sep-01,24.21,24.95,23.45,23.54,81412400
10-Sep-01,25.48,26.05,25.41,26.02,51654400
7-Sep-01,26.11,26.92,25.68,25.84,72749200
6-Sep-01,26.71,27.56,25.75,26.05,81642600
5-Sep-01,26.88,27.63,26.29,27.41,71243200
4-Sep-01,27.50,28.03,26.80,26.80,54390700
31-Aug-01,26.96,28.07,26.95,27.90,38127600
30-Aug-01,27.44,27.77,26.83,27.07,44788800
29-Aug-01,28.80,28.86,27.68,28.04,37922200
28-Aug-01,29.16,29.60,28.37,28.45,54856600
27-Aug-01,28.96,29.83,28.54,29.09,27995600
24-Aug-01,27.99,29.08,27.79,29.02,38858200
23-Aug-01,27.83,28.31,27.56,27.61,32548500
22-Aug-01,27.53,27.94,26.94,27.90,42316100
21-Aug-01,28.27,28.45,26.99,27.01,35088800
20-Aug-01,28.01,28.62,27.84,28.14,36548500
17-Aug-01,29.11,29.32,27.73,28.01,60330900
16-Aug-01,29.35,30.12,29.02,30.10,38692500
15-Aug-01,30.22,30.69,29.64,29.72,33348300
14-Aug-01,30.65,30.79,30.18,30.29,27561900
13-Aug-01,30.61,30.66,30.02,30.50,30830500
10-Aug-01,29.46,30.13,28.93,29.89,33800700
9-Aug-01,29.44,29.97,29.12,29.59,35734300
8-Aug-01,30.33,31.13,29.33,29.55,49096000
7-Aug-01,29.89,30.94,29.71,30.56,44101300
6-Aug-01,30.37,30.62,29.98,30.22,54176800
3-Aug-01,31.98,32.01,31.19,31.62,35671500
2-Aug-01,31.33,32.14,31.25,32.02,74140400
1-Aug-01,30.54,30.90,30.20,30.67,45023900
31-Jul-01,29.08,30.34,28.95,29.73,50354000
30-Jul-01,29.43,29.66,28.72,28.96,30514600
27-Jul-01,29.53,29.77,28.93,29.14,35482900
26-Jul-01,29.02,29.82,28.72,29.70,46221000
25-Jul-01,28.89,29.40,28.11,29.34,35538100
24-Jul-01,28.63,29.51,28.35,28.80,38032700
23-Jul-01,29.89,30.15,28.83,28.92,35057400
20-Jul-01,29.33,29.95,28.85,29.85,50444200
19-Jul-01,29.51,30.14,29.35,29.88,54602300
18-Jul-01,28.79,30.07,28.44,28.81,71663500
17-Jul-01,28.49,29.86,28.01,29.82,104487600
16-Jul-01,29.95,30.67,28.69,29.05,65739200
13-Jul-01,29.93,30.30,29.17,30.11,42796300
12-Jul-01,29.27,30.11,28.97,30.02,49223400
11-Jul-01,27.58,28.42,26.93,27.99,50333800
10-Jul-01,27.72,29.09,27.39,27.72,41241500
9-Jul-01,28.45,29.35,28.03,28.82,30139400
6-Jul-01,29.06,29.77,28.22,28.35,37375700
5-Jul-01,30.00,30.92,29.72,29.76,35630900
3-Jul-01,29.86,30.61,29.57,30.38,22120800
2-Jul-01,29.50,30.46,29.08,29.98,38578300
29-Jun-01,29.73,30.69,28.67,29.17,49436600
28-Jun-01,29.15,30.42,29.12,29.56,54522800
27-Jun-01,28.92,29.13,28.26,28.57,33729600
26-Jun-01,28.01,28.99,27.96,28.89,34780200
25-Jun-01,27.93,28.61,27.40,28.50,28358600
22-Jun-01,27.40,28.22,27.20,27.44,30366800
21-Jun-01,27.28,28.01,26.88,27.20,45895500
20-Jun-01,26.24,27.59,26.19,27.42,43070200
19-Jun-01,28.45,28.71,26.07,26.60,60427600
18-Jun-01,27.80,28.46,27.36,27.48,27854300
15-Jun-01,27.27,28.22,27.04,27.61,54910400
14-Jun-01,28.48,29.02,27.49,27.54,41913100
13-Jun-01,29.80,30.05,28.92,28.98,41032400
12-Jun-01,29.62,30.13,28.92,30.05,54088900
11-Jun-01,30.09,30.43,29.34,30.25,41072800
8-Jun-01,31.80,31.84,29.92,30.59,68334700
7-Jun-01,29.63,31.15,29.59,31.06,75686000
6-Jun-01,29.37,30.61,28.97,29.74,72646300
5-Jun-01,28.78,29.87,28.77,29.65,51625800
4-Jun-01,29.04,29.42,27.99,28.42,37894700
1-Jun-01,27.19,28.99,27.12,28.66,60601900
31-May-01,26.96,27.51,26.77,26.94,38761100
30-May-01,27.27,27.63,26.33,26.53,47272800
29-May-01,28.88,28.94,27.71,27.78,37797600
25-May-01,29.36,29.47,28.60,29.02,29592100
24-May-01,28.76,29.32,28.04,29.13,47217900
23-May-01,29.29,30.17,28.48,28.72,53488500
22-May-01,30.11,30.35,29.32,29.45,39665300
21-May-01,28.29,29.93,28.11,29.82,44417800
18-May-01,28.45,29.06,27.92,28.68,34775000
17-May-01,28.70,29.11,27.93,28.52,56376100
16-May-01,26.93,28.42,26.43,28.28,59906400
15-May-01,27.55,28.02,26.86,27.13,47310800
14-May-01,27.98,28.07,26.64,27.34,41994500
11-May-01,28.95,29.16,27.72,27.87,47531600
10-May-01,30.40,30.46,28.82,28.93,49116200
9-May-01,30.91,30.91,29.22,29.85,61622800
8-May-01,31.41,31.72,30.82,31.40,41514400
7-May-01,30.97,31.60,30.26,31.08,33647800
4-May-01,29.82,30.97,29.22,30.80,35393400
3-May-01,31.06,31.12,30.03,30.32,37080900
2-May-01,31.78,32.39,31.10,31.83,45022200
1-May-01,30.67,31.31,30.02,31.08,37209500
30-Apr-01,30.75,31.55,30.43,30.81,41266300
27-Apr-01,29.50,30.13,28.95,30.08,42007500
26-Apr-01,30.13,30.26,28.51,28.55,53730100
25-Apr-01,28.90,29.26,27.41,28.93,64640600
24-Apr-01,29.84,30.94,28.80,29.04,50134100
23-Apr-01,30.97,31.20,29.55,30.22,58508800
20-Apr-01,31.86,32.46,31.16,32.32,62659300
19-Apr-01,30.69,32.41,30.35,32.38,85981400
18-Apr-01,29.12,32.08,28.51,31.18,49959200
17-Apr-01,25.17,26.64,25.10,25.95,74191900
16-Apr-01,26.68,26.71,25.44,26.21,59342200
12-Apr-01,27.37,28.42,26.22,28.03,54027200
11-Apr-01,27.81,28.20,27.09,27.43,91360800
10-Apr-01,23.40,25.02,23.27,24.69,55847600
9-Apr-01,23.61,24.12,22.18,23.12,60543900
6-Apr-01,24.98,25.15,22.92,23.55,73965900
5-Apr-01,24.17,25.73,24.01,25.54,67714900
4-Apr-01,24.61,25.01,22.36,22.55,84555800
3-Apr-01,25.23,26.29,24.76,24.92,57239500
2-Apr-01,25.98,26.79,24.98,25.71,44925500
30-Mar-01,26.54,26.66,25.23,26.23,47297100
29-Mar-01,26.79,27.47,25.67,26.48,64852600
28-Mar-01,28.59,29.22,26.72,26.85,73000000
27-Mar-01,28.28,29.61,27.97,29.28,72645800
26-Mar-01,29.40,29.47,27.78,28.22,64433900
23-Mar-01,29.59,29.65,27.60,28.72,84795800
22-Mar-01,26.04,28.72,25.98,28.59,94022700
21-Mar-01,24.67,26.66,24.54,25.48,68549500
20-Mar-01,27.28,27.35,24.48,24.54,64431100
19-Mar-01,27.41,27.66,25.29,26.97,76656300
16-Mar-01,28.34,28.72,27.60,27.78,59068600
15-Mar-01,29.65,29.84,28.34,28.41,40752100
14-Mar-01,28.28,29.78,27.91,28.97,57451000
13-Mar-01,28.16,29.53,27.66,29.28,52027200
12-Mar-01,28.41,29.28,27.47,27.66,59597600
9-Mar-01,30.09,30.49,28.90,29.34,95273400
8-Mar-01,32.83,33.58,32.58,33.14,64903100
7-Mar-01,32.64,33.58,31.58,32.83,77832700
6-Mar-01,31.52,32.77,31.33,31.40,59734200
5-Mar-01,29.78,30.65,29.40,30.27,33275700
2-Mar-01,28.41,31.02,28.28,29.22,54626200
1-Mar-01,28.16,29.15,26.97,29.03,56268300
28-Feb-01,29.28,30.09,27.91,28.47,48601400
27-Feb-01,29.40,30.77,28.90,28.90,40787300
26-Feb-01,30.46,30.60,28.34,29.40,60349600
23-Feb-01,30.27,30.65,28.41,29.84,63558300
22-Feb-01,30.84,31.46,29.53,29.90,58517400
21-Feb-01,30.90,32.64,30.40,30.65,51582200
20-Feb-01,33.95,34.01,31.27,31.33,52397300
16-Feb-01,34.64,35.20,33.51,34.26,41543900
15-Feb-01,35.32,36.38,35.01,35.69,58334500
14-Feb-01,32.46,34.43,31.83,34.01,47442300
13-Feb-01,34.01,35.13,32.27,32.33,41910800
12-Feb-01,33.58,35.07,33.51,34.45,30482000
9-Feb-01,34.20,35.45,33.33,33.39,40892100
8-Feb-01,35.26,36.01,34.45,34.51,42899000
7-Feb-01,34.88,35.94,33.76,34.82,53148000
6-Feb-01,34.45,35.82,34.37,35.32,40329200
5-Feb-01,34.95,35.20,33.56,34.57,39185100
2-Feb-01,37.53,38.09,35.36,35.55,47151200
1-Feb-01,36.92,37.79,36.36,37.67,50297000
31-Jan-01,37.17,38.45,36.36,36.86,71894200
30-Jan-01,37.23,38.04,36.67,36.86,60806400
29-Jan-01,35.11,37.23,34.62,36.92,49092800
26-Jan-01,33.99,35.92,33.62,35.74,48063700
25-Jan-01,35.67,35.92,34.18,34.37,45890400
24-Jan-01,35.55,36.92,35.05,36.11,73579100
23-Jan-01,33.31,35.75,32.62,35.24,84553900
22-Jan-01,32.56,33.74,32.37,33.25,45756600
19-Jan-01,33.25,34.49,32.19,33.43,81348900
18-Jan-01,30.82,32.19,29.88,32.06,86633300
17-Jan-01,32.87,32.94,30.01,30.38,7427400
16-Jan-01,32.06,32.25,30.88,31.25,60301100
12-Jan-01,33.43,33.68,31.69,32.00,51374500
11-Jan-01,32.25,34.12,31.88,33.25,64954600
10-Jan-01,31.50,33.25,31.01,32.87,51494300
9-Jan-01,32.41,32.81,31.75,32.13,40814400
8-Jan-01,31.38,32.19,30.51,31.81,45070800
5-Jan-01,33.93,34.49,31.63,31.94,44974700
4-Jan-01,33.87,35.24,32.56,33.67,68769000
3-Jan-01,30.01,34.49,30.01,34.10,78291900
2-Jan-01,30.57,31.75,30.13,30.94,50342900
29-Dec-00,30.82,31.32,29.70,29.95,54053600
28-Dec-00,32.00,32.56,29.95,30.82,49339500
27-Dec-00,32.56,33.56,32.19,32.44,33621500
26-Dec-00,33.00,33.74,31.88,32.75,28436200
22-Dec-00,33.50,34.87,31.88,32.81,45424100
21-Dec-00,31.88,34.32,31.50,33.00,51590000
20-Dec-00,32.81,33.99,31.38,31.81,63150800
19-Dec-00,33.62,36.11,33.18,33.31,54732300
18-Dec-00,34.06,34.37,32.30,33.12,38556100
15-Dec-00,34.43,34.62,32.19,32.31,80843900
14-Dec-00,35.43,36.48,34.37,34.99,33708000
13-Dec-00,37.60,37.73,35.05,35.36,48719800
12-Dec-00,36.80,37.78,36.23,36.36,48167200
11-Dec-00,34.99,38.04,34.18,37.29,73069600
8-Dec-00,34.62,34.74,32.87,33.87,88021400
7-Dec-00,32.31,33.12,31.32,32.19,68263600
6-Dec-00,35.18,35.18,31.13,31.63,102012000
5-Dec-00,34.49,36.36,33.87,35.86,75071400
4-Dec-00,34.99,35.21,31.94,32.81,82755800
1-Dec-00,38.35,38.35,33.68,33.99,1155400
30-Nov-00,38.35,38.79,36.67,37.92,78955300
29-Nov-00,42.21,43.33,40.78,42.59,61411300
28-Nov-00,43.02,44.45,41.84,41.87,49700800
27-Nov-00,45.26,46.57,43.58,43.77,52923300
24-Nov-00,42.65,43.83,41.84,43.77,20684000
22-Nov-00,42.09,43.71,40.90,41.03,36702700
21-Nov-00,42.27,43.21,41.28,42.46,36760300
20-Nov-00,40.84,42.77,40.47,40.97,37495900
17-Nov-00,39.97,41.59,39.35,41.34,40986100
16-Nov-00,41.09,42.77,39.61,39.85,39523700
15-Nov-00,41.53,42.71,40.59,41.34,41961500
14-Nov-00,40.34,41.09,39.29,40.78,48677100
13-Nov-00,36.86,39.60,35.86,38.04,81393300
10-Nov-00,37.85,38.85,36.86,36.86,94080100
9-Nov-00,42.15,42.21,39.78,41.22,48864700
8-Nov-00,46.07,46.13,42.27,42.52,38074100
7-Nov-00,46.57,46.63,45.14,46.01,21043200
6-Nov-00,46.45,47.19,46.20,46.38,24583500
3-Nov-00,46.94,47.07,45.32,45.76,31103600
2-Nov-00,46.30,47.67,46.18,46.49,65511800
1-Nov-00,44.12,46.36,44.00,44.68,47654600
31-Oct-00,45.49,46.74,44.50,44.81,55793900
30-Oct-00,45.76,45.93,43.69,44.81,49111200
27-Oct-00,45.68,46.80,44.65,46.18,50197800
26-Oct-00,41.82,44.81,41.51,44.50,50811900
25-Oct-00,41.82,43.38,40.96,41.14,53225900
24-Oct-00,43.44,44.31,41.45,41.82,46937000
23-Oct-00,43.50,44.81,42.19,43.13,43746200
20-Oct-00,41.45,44.19,41.20,42.88,59899600
19-Oct-00,41.84,42.13,40.70,41.76,64250700
18-Oct-00,36.09,39.64,35.10,38.02,16790000
17-Oct-00,36.22,36.47,34.85,36.03,78642100
16-Oct-00,38.96,39.02,35.22,35.53,92057900
13-Oct-00,36.95,40.58,36.78,40.20,80908800
12-Oct-00,36.97,38.34,34.85,36.97,100212800
11-Oct-00,36.84,37.96,34.85,35.22,122056600
10-Oct-00,39.02,40.02,37.28,37.40,68882800
9-Oct-00,40.26,40.36,37.84,38.90,56544700
6-Oct-00,41.20,42.07,39.08,39.77,69734600
5-Oct-00,41.94,42.19,40.33,40.82,52072400
4-Oct-00,40.82,42.57,40.58,41.82,63726000
3-Oct-00,41.59,42.32,39.95,40.14,81206500
2-Oct-00,42.75,42.75,39.70,39.95,66785700
29-Sep-00,43.62,43.69,41.20,41.38,72985600
28-Sep-00,43.94,44.37,43.30,44.25,66739000
27-Sep-00,44.43,45.49,43.25,43.69,80365100
26-Sep-00,46.24,46.30,42.63,43.13,112681600
25-Sep-00,49.85,49.99,44.56,45.18,130214700
22-Sep-00,46.55,49.29,46.30,47.73,308734400
21-Sep-00,61.80,62.67,60.12,61.22,57112300
20-Sep-00,60.99,63.23,60.18,62.79,70335900
19-Sep-00,56.94,60.24,56.57,60.12,58855100
18-Sep-00,58.13,59.00,55.26,55.57,50767100
15-Sep-00,59.43,59.62,56.38,57.27,75675900
14-Sep-00,62.23,62.61,59.00,59.37,50489200
13-Sep-00,61.42,63.04,60.24,60.99,70068400
12-Sep-00,64.78,66.65,64.29,64.66,28997300
11-Sep-00,65.28,66.59,63.66,64.41,30507800
8-Sep-00,66.90,67.15,64.66,65.10,29681800
7-Sep-00,66.32,68.39,65.97,67.15,34716000
6-Sep-00,67.77,68.21,64.72,65.42,62344900
5-Sep-00,70.76,71.07,67.96,68.95,58396000
1-Sep-00,75.30,75.36,73.12,73.62,18322000
31-Aug-00,73.56,75.30,73.31,74.55,28530700
30-Aug-00,73.43,74.06,72.44,73.19,21770400
29-Aug-00,73.00,74.62,72.81,73.75,23023100
28-Aug-00,72.94,75.49,72.69,73.56,42760500
25-Aug-00,73.56,74.12,72.31,72.63,20844200
24-Aug-00,74.24,75.50,72.69,73.93,23352900
23-Aug-00,71.13,74.55,70.39,74.31,36177000
22-Aug-00,72.16,73.31,71.82,71.82,31693500
21-Aug-00,72.36,73.75,70.26,71.75,46024300
18-Aug-00,70.70,72.63,69.95,70.26,35795600
17-Aug-00,68.21,71.19,68.14,69.76,40495900
16-Aug-00,68.33,69.20,67.27,67.77,24609500
15-Aug-00,66.53,68.46,65.72,67.58,34464300
14-Aug-00,64.16,66.71,63.35,66.65,25665000
11-Aug-00,61.61,63.85,60.55,63.54,22509600
10-Aug-00,62.92,64.54,61.73,61.73,16678400
9-Aug-00,62.61,64.60,62.57,63.29,30071900
8-Aug-00,62.48,63.10,61.24,61.36,24900100
7-Aug-00,62.36,64.10,60.86,62.67,30634400
4-Aug-00,65.94,65.97,61.17,62.29,34939700
3-Aug-00,61.55,65.10,60.18,64.78,34941100
2-Aug-00,64.95,65.82,62.90,63.02,33226800
1-Aug-00,66.75,67.07,63.95,64.33,25001100
31-Jul-00,65.14,67.25,64.20,66.44,30470700
28-Jul-00,68.68,69.37,64.08,64.27,27716900
27-Jul-00,68.93,69.87,67.69,68.19,19611900
26-Jul-00,69.18,69.74,67.97,69.18,23319900
25-Jul-00,69.05,70.64,68.53,70.11,14811600
24-Jul-00,68.78,70.67,68.50,68.68,19917700
21-Jul-00,70.74,70.80,68.71,68.78,16043300
20-Jul-00,69.15,71.30,68.62,71.02,30244200
19-Jul-00,72.14,72.73,68.68,68.75,36094200
18-Jul-00,72.07,72.08,70.39,71.17,25341800
17-Jul-00,72.98,73.41,71.86,72.82,23290000
14-Jul-00,71.67,73.19,71.20,73.01,18735900
13-Jul-00,69.87,72.17,69.80,71.26,22588000
12-Jul-00,69.80,70.80,69.06,70.27,14912100
11-Jul-00,68.81,70.30,68.25,69.09,21391000
10-Jul-00,68.56,69.68,68.19,68.59,15674700
7-Jul-00,68.56,69.62,67.75,69.34,18643400
6-Jul-00,65.45,68.09,64.98,68.00,22453100
5-Jul-00,66.26,66.94,65.39,65.51,21002600
3-Jul-00,66.75,68.12,66.55,68.12,7541900
30-Jun-00,65.14,66.75,64.51,66.54,20715600
29-Jun-00,65.23,66.88,64.95,65.57,23568100
28-Jun-00,65.67,67.53,65.20,65.88,15315900
27-Jun-00,66.66,67.94,65.32,65.39,16685200
26-Jun-00,67.59,68.29,66.01,66.79,14952400
23-Jun-00,67.31,68.43,66.75,66.88,15160800
22-Jun-00,68.68,68.87,66.69,66.72,14848100
21-Jun-00,67.87,69.31,67.69,69.18,16445700
20-Jun-00,67.66,69.80,67.66,68.84,29289700
19-Jun-00,63.92,68.03,63.89,67.94,30610600
16-Jun-00,64.33,64.55,62.65,62.74,22043100
15-Jun-00,63.08,64.73,62.96,63.83,16705500
14-Jun-00,65.14,65.35,62.71,62.93,18504400
13-Jun-00,61.96,65.63,61.78,65.45,19563300
12-Jun-00,63.61,63.71,62.03,62.24,12973500
9-Jun-00,63.67,63.71,62.46,63.24,13759600
8-Jun-00,64.51,65.45,62.71,62.80,17197000
7-Jun-00,64.33,64.39,62.56,64.17,19876700
6-Jun-00,65.35,67.22,64.45,64.48,23712600
5-Jun-00,66.01,67.19,65.29,65.98,19588000
2-Jun-00,66.10,66.97,65.70,66.79,21328700
1-Jun-00,62.80,64.70,62.77,64.55,22989200
31-May-00,62.83,63.67,61.96,62.06,27044800
30-May-00,59.35,62.65,59.29,62.59,20884000
26-May-00,57.24,59.66,56.92,58.51,15425500
25-May-00,59.07,60.84,56.52,57.33,25244400
24-May-00,54.56,58.81,54.50,58.42,37741100
23-May-00,58.60,59.66,54.65,54.69,25192900
22-May-00,58.48,59.01,55.43,58.92,29624800
19-May-00,60.66,61.53,57.89,58.67,35984000
18-May-00,61.65,62.96,61.28,61.68,25070700
17-May-00,60.91,62.43,59.91,61.31,32771600
16-May-00,59.60,61.16,59.07,60.66,22234200
15-May-00,57.02,58.85,56.12,58.79,20552700
12-May-00,58.04,59.48,57.11,57.24,19214700
11-May-00,53.32,57.73,52.94,57.52,35133800
10-May-00,56.99,57.98,52.32,52.79,48612800
9-May-00,58.92,59.35,57.24,58.20,21527000
8-May-00,60.84,61.06,58.48,58.54,20468900
5-May-00,59.23,61.65,59.23,61.40,17108700
4-May-00,59.10,60.04,58.26,59.51,20492400
3-May-00,59.79,60.04,57.67,59.26,29494300
2-May-00,62.63,63.50,60.15,60.30,21935700
1-May-00,63.66,65.18,62.82,63.25,21194900
28-Apr-00,63.69,64.22,62.63,63.10,22168200
27-Apr-00,58.50,62.97,58.22,62.35,30544200
26-Apr-00,61.82,62.20,60.02,60.11,23786000
25-Apr-00,59.58,62.32,59.46,62.20,25671200
24-Apr-00,55.23,57.97,54.92,57.78,29160100
20-Apr-00,58.68,59.40,57.22,57.41,22899500
19-Apr-00,62.50,62.57,59.18,59.24,43688900
18-Apr-00,63.01,65.18,62.32,64.19,49279000
17-Apr-00,54.73,61.33,54.52,61.20,44436700
14-Apr-00,59.31,60.08,53.93,54.98,46400200
13-Apr-00,61.39,64.31,60.08,60.27,34707300
12-Apr-00,64.65,65.62,60.58,60.64,30084800
11-Apr-00,64.69,66.80,63.43,65.06,26535600
10-Apr-00,68.42,69.19,65.12,65.25,22424500
7-Apr-00,65.37,68.17,65.34,68.08,25678600
6-Apr-00,64.31,65.49,63.19,64.59,27567000
5-Apr-00,64.62,66.68,63.57,64.62,31050900
4-Apr-00,65.43,66.68,59.21,66.05,43670900
3-Apr-00,65.37,66.18,62.57,65.00,25035800
31-Mar-00,64.50,67.11,63.81,65.65,29221100
30-Mar-00,64.56,66.36,61.23,63.19,35823400
29-Mar-00,67.92,68.51,65.43,65.62,30662700
28-Mar-00,69.97,70.94,67.24,67.52,22428900
27-Mar-00,69.47,71.53,69.19,71.00,17883100
24-Mar-00,69.72,71.90,68.48,69.19,23449000
23-Mar-00,70.84,71.50,69.38,70.97,22796900
22-Mar-00,69.85,72.34,69.41,71.68,26846600
21-Mar-00,67.17,69.10,66.74,68.88,25615500
20-Mar-00,64.65,68.36,64.65,67.17,32581800
17-Mar-00,61.86,64.69,61.70,64.62,30425500
16-Mar-00,61.33,62.38,59.52,62.23,27486400
15-Mar-00,59.24,61.26,59.06,59.80,24447800
14-Mar-00,61.82,62.51,58.62,58.65,28392500
13-Mar-00,59.12,62.45,59.09,60.77,33719600
10-Mar-00,58.65,60.02,58.40,59.80,21748800
9-Mar-00,56.57,58.96,55.73,58.90,19187900
8-Mar-00,57.78,57.94,55.85,57.19,23195600
7-Mar-00,58.62,59.71,57.31,57.59,19962100
6-Mar-00,58.71,59.15,58.06,58.40,14016000
3-Mar-00,58.22,59.59,57.53,59.34,17142500
2-Mar-00,57.41,58.25,56.79,57.59,18234900
1-Mar-00,56.16,58.15,55.98,57.66,20406500
29-Feb-00,56.32,57.53,55.39,56.23,22207100
28-Feb-00,55.54,57.00,53.86,55.92,23711100
25-Feb-00,56.66,57.41,56.13,56.35,23149500
24-Feb-00,55.95,57.97,54.86,56.85,42673900
23-Feb-00,52.40,55.29,51.90,54.27,20421000
22-Feb-00,52.18,53.15,50.54,53.12,22896800
18-Feb-00,54.73,54.98,52.34,52.43,25185000
17-Feb-00,54.17,55.92,53.68,54.73,24334800
16-Feb-00,55.42,56.16,53.24,53.33,23025000
15-Feb-00,54.70,56.16,52.37,55.73,31385700
14-Feb-00,52.90,54.70,52.56,54.67,17187100
11-Feb-00,53.37,54.11,52.37,52.68,18878000
10-Feb-00,51.93,53.80,51.34,53.55,21769600
9-Feb-00,53.80,54.17,52.00,52.06,19307600
8-Feb-00,54.14,54.76,53.74,54.14,19013000
7-Feb-00,52.21,53.80,51.81,53.71,21405000
4-Feb-00,51.93,53.86,51.87,52.12,27976900
3-Feb-00,50.60,52.06,50.13,51.84,28063000
2-Feb-00,50.24,51.20,49.59,49.77,26040300
1-Feb-00,48.93,50.49,48.06,50.46,24025700
31-Jan-00,46.57,49.28,46.20,49.21,34226600
28-Jan-00,48.38,49.12,46.29,46.76,26961400
27-Jan-00,49.43,50.30,47.50,48.81,30741000
26-Jan-00,50.12,50.33,47.94,48.00,24653100
25-Jan-00,49.43,50.64,48.47,50.52,25691300
24-Jan-00,50.85,52.17,48.87,49.15,37416300
21-Jan-00,47.75,48.87,47.57,48.72,27779100
20-Jan-00,49.62,50.15,47.47,47.57,35001000
19-Jan-00,50.24,50.80,49.68,49.77,22784000
18-Jan-00,49.89,52.60,49.87,50.80,51050300
14-Jan-00,49.00,53.04,48.87,51.27,92202600
13-Jan-00,46.11,46.26,44.43,45.30,38052100
12-Jan-00,45.20,47.13,44.40,45.39,48663300
11-Jan-00,44.05,45.95,43.91,44.61,52740900
10-Jan-00,42.65,43.40,41.85,42.65,26809900
7-Jan-00,38.55,40.79,38.49,40.79,20548200
6-Jan-00,40.67,41.47,38.89,39.17,27585600
5-Jan-00,41.29,42.72,40.04,41.60,26194500
4-Jan-00,42.50,43.71,40.91,41.26,25509800
3-Jan-00,41.42,43.46,41.41,43.28,28855100
31-Dec-99,41.69,41.72,40.76,40.94,5786000
30-Dec-99,41.94,42.47,41.16,41.63,7442700
29-Dec-99,41.10,42.22,41.01,41.72,8012100
28-Dec-99,42.00,42.53,41.22,41.29,11728700
27-Dec-99,41.50,42.34,41.10,42.31,14305500
23-Dec-99,41.47,41.75,41.04,41.35,10820800
22-Dec-99,41.32,41.60,40.60,41.04,12463300
21-Dec-99,40.07,41.41,39.79,41.22,17335200
20-Dec-99,41.22,41.38,39.36,40.32,18125700
17-Dec-99,40.48,41.29,40.04,40.82,34734800
16-Dec-99,39.67,40.35,39.48,39.92,25080100
15-Dec-99,35.92,39.41,35.88,39.27,41023400
14-Dec-99,37.12,37.31,36.00,36.03,20871700
13-Dec-99,35.44,37.40,35.10,36.84,23902400
10-Dec-99,36.56,36.81,35.63,35.94,28117400
9-Dec-99,37.62,37.62,35.88,36.44,26913300
8-Dec-99,38.02,38.55,36.81,37.06,26340100
7-Dec-99,38.92,39.02,37.96,38.40,16827100
6-Dec-99,39.20,39.48,38.40,38.74,14320000
3-Dec-99,39.30,39.79,39.05,39.14,18271100
2-Dec-99,37.62,38.86,37.56,38.58,15559200
1-Dec-99,37.84,38.58,37.31,37.96,22778300
30-Nov-99,39.02,39.64,38.08,38.15,17432900
29-Nov-99,39.92,39.95,38.92,39.27,16325600
26-Nov-99,40.79,40.91,39.89,39.92,7091100
24-Nov-99,39.76,40.91,39.36,40.88,16813400
23-Nov-99,40.12,40.54,38.80,39.30,20521800
22-Nov-99,40.23,40.48,39.23,40.04,18435400
19-Nov-99,38.80,39.98,38.68,39.73,23248600
18-Nov-99,37.65,39.05,37.63,39.05,18853200
17-Nov-99,38.33,39.17,37.06,37.18,23543200
16-Nov-99,37.06,38.30,36.62,38.08,27868700
15-Nov-99,37.90,37.92,36.81,36.84,19666900
12-Nov-99,39.36,39.48,37.06,37.90,43757600
11-Nov-99,39.70,40.01,38.86,39.51,16093100
10-Nov-99,39.30,40.54,38.92,39.30,17087600
9-Nov-99,40.91,40.91,39.48,39.83,16851400
8-Nov-99,40.57,41.35,40.17,40.85,13471200
5-Nov-99,40.98,41.72,40.70,40.98,19837200
4-Nov-99,40.01,40.67,39.89,40.57,21843500
3-Nov-99,38.99,40.14,38.68,39.67,25240100
2-Nov-99,38.32,38.88,38.07,38.54,20338200
1-Nov-99,38.60,38.94,37.76,37.79,22934100
29-Oct-99,37.76,38.82,37.63,38.50,42296500
28-Oct-99,35.37,35.93,34.87,35.89,36704500
27-Oct-99,35.15,35.18,33.78,34.53,36093300
26-Oct-99,36.92,37.11,35.43,35.52,28354300
25-Oct-99,36.30,36.36,35.21,35.43,17506900
22-Oct-99,36.24,36.98,36.02,36.52,30873100
21-Oct-99,34.03,35.93,33.75,35.65,26510600
20-Oct-99,33.56,34.81,33.35,34.78,32549500
19-Oct-99,34.62,34.68,32.32,32.38,42200700
18-Oct-99,35.09,35.30,33.35,34.50,29092900
15-Oct-99,35.86,36.45,35.21,35.24,24326600
14-Oct-99,36.00,36.55,35.06,36.47,25930600
13-Oct-99,36.11,36.80,35.49,35.86,60361000
12-Oct-99,38.94,39.69,37.67,38.13,44260900
11-Oct-99,37.88,38.63,37.82,38.04,12229500
8-Oct-99,37.73,38.19,37.20,37.63,18180900
7-Oct-99,38.19,38.69,37.14,37.60,17645500
6-Oct-99,38.23,38.82,37.85,38.26,18333800
5-Oct-99,38.60,38.88,37.29,37.88,19771100
4-Oct-99,36.89,38.44,36.61,38.29,20667400
1-Oct-99,36.92,37.54,36.58,37.26,18876800
30-Sep-99,37.39,37.91,36.48,36.95,23055800
29-Sep-99,38.54,38.75,37.23,37.39,23165900
28-Sep-99,38.78,38.91,37.42,38.54,25017200
27-Sep-99,38.13,39.65,37.67,38.88,35617700
24-Sep-99,37.39,37.85,36.11,37.63,62282000
23-Sep-99,41.33,41.36,38.04,38.54,36843000
22-Sep-99,40.93,41.61,40.46,41.18,21027700
21-Sep-99,41.64,41.64,40.74,40.77,19304300
20-Sep-99,42.11,42.58,41.55,41.80,10353600
17-Sep-99,41.05,42.20,40.87,42.08,25787600
16-Sep-99,40.96,41.49,39.97,41.08,28292600
15-Sep-99,43.07,43.07,41.15,41.27,23474500
14-Sep-99,41.95,42.70,41.80,42.67,18456400
13-Sep-99,43.04,43.57,41.80,41.95,18023300
10-Sep-99,43.66,43.69,42.70,43.45,16288300
9-Sep-99,42.92,43.66,42.51,43.63,19831000
8-Sep-99,43.26,44.07,42.54,42.73,22272900
7-Sep-99,44.25,44.43,43.38,43.57,19802800
3-Sep-99,43.29,44.50,43.26,44.41,24414200
2-Sep-99,40.90,42.76,40.77,42.42,25489800
1-Sep-99,41.61,42.33,41.36,41.49,26973500
31-Aug-99,40.93,41.52,39.93,40.87,21592500
30-Aug-99,41.30,41.83,40.34,40.90,17021800
27-Aug-99,40.96,41.52,40.68,41.27,20440600
26-Aug-99,41.49,41.71,40.21,40.31,21730900
25-Aug-99,41.15,41.95,40.46,41.61,24035400
24-Aug-99,40.93,42.02,40.90,41.33,30867500
23-Aug-99,40.03,41.27,39.75,41.24,24919500
20-Aug-99,38.75,39.81,38.29,39.75,17859000
19-Aug-99,38.54,38.94,38.19,38.44,16060300
18-Aug-99,39.00,39.69,38.82,39.03,16262300
17-Aug-99,39.44,39.53,38.54,39.28,16363100
16-Aug-99,39.41,39.50,38.60,39.06,17671800
13-Aug-99,38.26,39.69,38.26,39.65,23436700
12-Aug-99,37.51,38.16,37.32,37.76,24015000
11-Aug-99,36.76,37.91,36.58,37.79,40494700
10-Aug-99,36.27,37.01,35.58,35.68,33602600
9-Aug-99,35.74,37.01,35.12,36.52,27247300
6-Aug-99,35.18,36.45,35.06,35.58,21446600
5-Aug-99,35.77,36.05,34.56,35.52,29646600
4-Aug-99,36.27,36.95,36.11,36.21,26636400
3-Aug-99,35.94,36.56,35.04,36.25,37725300
2-Aug-99,34.73,36.44,34.54,35.44,38741600
30-Jul-99,34.85,35.66,34.30,34.30,29059000
29-Jul-99,34.20,35.30,33.92,34.54,36256000
28-Jul-99,33.52,35.20,33.30,34.95,41692200
27-Jul-99,32.12,33.86,32.09,33.58,38976100
26-Jul-99,31.25,32.40,31.19,31.25,17847100
23-Jul-99,31.97,32.31,31.38,31.90,13696600
22-Jul-99,32.37,32.56,31.69,31.75,14962300
21-Jul-99,32.40,32.80,32.09,32.59,14289600
20-Jul-99,33.39,33.39,32.12,32.28,21362000
19-Jul-99,33.36,33.80,33.30,33.58,16586500
16-Jul-99,33.80,33.86,33.30,33.36,16143300
15-Jul-99,34.05,34.14,33.43,33.64,23831500
14-Jul-99,33.24,33.83,32.61,33.80,44913100
13-Jul-99,32.25,32.87,32.06,32.49,23384300
12-Jul-99,32.99,33.15,32.31,32.52,20849500
9-Jul-99,32.62,32.98,32.00,32.93,17767000
8-Jul-99,31.72,32.74,31.62,32.68,18501500
7-Jul-99,31.90,32.21,31.50,32.00,17317100
6-Jul-99,32.25,32.68,31.65,31.75,28720700
2-Jul-99,31.22,31.81,31.19,31.56,18727800
1-Jul-99,29.70,31.41,29.45,31.25,30824300
30-Jun-99,29.42,29.76,28.11,29.57,19218600
29-Jun-99,28.33,29.45,28.18,29.45,21632300
28-Jun-99,27.62,28.33,27.49,28.33,11846000
25-Jun-99,27.59,27.99,27.27,27.49,11880300
24-Jun-99,28.02,28.05,27.34,27.37,13348700
23-Jun-99,27.77,28.33,27.59,28.11,11469600
22-Jun-99,27.71,28.39,27.37,27.68,16431800
21-Jun-99,27.71,28.36,27.55,28.24,15573700
18-Jun-99,27.77,27.90,27.03,27.31,40036500
17-Jun-99,28.46,29.03,28.27,28.83,23381600
16-Jun-99,28.58,29.70,28.46,29.67,30708000
15-Jun-99,27.21,27.90,27.18,27.68,13793400
14-Jun-99,27.24,27.59,26.84,27.03,12494700
11-Jun-99,27.90,28.18,26.96,27.06,22891600
10-Jun-99,26.59,27.55,26.53,27.52,30942200
9-Jun-99,26.16,26.68,25.85,26.40,22057400
8-Jun-99,26.47,26.78,25.60,25.69,16385100
7-Jun-99,26.81,27.09,26.40,26.56,18877100
4-Jun-99,25.63,26.50,25.54,26.44,25101900
3-Jun-99,26.09,26.16,25.01,25.10,24510200
2-Jun-99,25.60,26.02,25.04,25.81,28835300
1-Jun-99,26.75,26.78,24.91,25.19,28529300
28-May-99,26.65,26.93,26.09,26.87,17477700
27-May-99,25.97,27.03,25.72,26.40,27505400
26-May-99,26.72,26.72,25.35,25.69,36620000
25-May-99,27.99,27.99,26.22,26.28,33100600
24-May-99,28.46,28.46,27.59,27.80,17835500
21-May-99,28.69,28.77,28.05,28.33,19675200
20-May-99,29.79,29.88,28.64,28.67,21309500
19-May-99,29.36,29.73,28.70,29.67,17302900
18-May-99,29.73,29.76,28.86,29.29,16383700
17-May-99,28.61,29.57,28.42,29.54,15002300
14-May-99,29.51,29.64,28.55,28.83,22633600
13-May-99,31.28,31.31,29.82,29.85,13832100
12-May-99,30.91,31.31,30.13,31.06,11840500
11-May-99,30.41,31.13,30.16,30.97,14292100
10-May-99,30.38,30.72,29.88,30.13,10610100
7-May-99,30.16,30.66,29.64,30.29,19398900
6-May-99,31.56,31.78,29.08,29.67,29015300
5-May-99,30.66,32.31,30.13,31.81,17628400
4-May-99,31.20,31.76,30.58,30.65,14610600
3-May-99,30.40,31.36,30.27,31.36,14832500
30-Apr-99,30.58,30.93,29.47,30.40,14022500
29-Apr-99,30.55,30.61,29.75,30.21,14668100
28-Apr-99,31.02,31.48,30.24,30.40,14547000
27-Apr-99,31.83,32.20,30.83,30.93,18387700
26-Apr-99,31.14,32.11,31.05,32.01,18910800
23-Apr-99,30.77,31.55,30.30,30.68,22358500
22-Apr-99,29.81,30.61,29.56,30.55,28498400
21-Apr-99,28.60,29.56,27.88,29.03,21523700
20-Apr-99,27.94,28.32,27.57,28.10,19726700
19-Apr-99,28.38,29.31,27.32,27.57,32174700
16-Apr-99,28.75,29.00,28.05,28.44,17452200
15-Apr-99,29.06,29.12,28.07,29.03,31938400
14-Apr-99,30.49,30.55,27.94,28.32,52239200
13-Apr-99,31.27,31.30,29.71,30.06,35518400
12-Apr-99,30.61,31.03,29.81,30.43,41671300
9-Apr-99,32.88,32.96,32.31,32.49,11169800
8-Apr-99,32.79,33.13,31.90,32.56,13631600
7-Apr-99,32.65,33.16,31.92,32.82,16351100
6-Apr-99,31.48,32.59,31.30,32.40,17667300
5-Apr-99,30.27,31.67,30.24,31.67,14227400
1-Apr-99,29.79,30.15,29.53,30.02,8222200
31-Mar-99,30.27,30.68,29.50,29.53,9642300
30-Mar-99,29.98,30.55,29.96,30.20,12682300
29-Mar-99,29.20,30.21,28.84,30.20,11102600
26-Mar-99,29.31,30.09,28.97,28.98,13420600
25-Mar-99,29.85,29.89,29.00,29.30,15100800
24-Mar-99,28.50,29.67,28.38,29.62,16045000
23-Mar-99,28.71,29.06,28.26,28.46,16710000
22-Mar-99,29.59,29.62,28.57,28.60,12293500
19-Mar-99,30.79,30.89,29.54,29.56,17755700
18-Mar-99,30.26,30.55,29.96,30.26,13514400
17-Mar-99,29.99,30.40,29.71,29.93,14669800
16-Mar-99,29.42,30.43,29.28,29.90,21242200
15-Mar-99,29.53,29.53,29.00,29.28,11139300
12-Mar-99,29.53,29.78,29.06,29.37,17124500
11-Mar-99,29.30,29.65,28.84,29.34,15029000
10-Mar-99,29.05,29.40,28.63,29.03,20059800
9-Mar-99,29.61,29.85,28.50,28.64,22528200
8-Mar-99,29.25,29.82,29.06,29.71,18470600
5-Mar-99,28.88,29.09,27.88,28.47,21969100
4-Mar-99,28.77,29.28,27.42,28.16,26252100
3-Mar-99,28.04,28.57,27.32,28.49,34136000
2-Mar-99,28.72,28.77,27.21,27.28,33615000
1-Mar-99,29.51,29.56,28.49,29.08,32148900
26-Feb-99,30.77,30.80,29.53,29.79,41800300
25-Feb-99,32.04,32.29,31.07,31.73,19867500
24-Feb-99,33.27,34.00,32.35,32.38,16412600
23-Feb-99,32.85,34.15,32.66,33.35,18425700
22-Feb-99,31.73,33.01,31.14,32.99,15147200
19-Feb-99,31.89,32.45,31.64,31.81,12607600
18-Feb-99,31.30,32.26,30.99,31.83,17924700
17-Feb-99,30.79,31.90,30.71,30.96,20360800
16-Feb-99,32.09,32.42,31.08,31.39,14873200
12-Feb-99,32.60,32.60,31.24,31.42,18298700
11-Feb-99,32.20,33.18,31.75,33.10,13526700
10-Feb-99,31.16,32.20,30.82,32.00,16880600
9-Feb-99,32.68,32.93,30.99,31.13,20110000
8-Feb-99,32.26,33.19,31.64,32.79,17407700
5-Feb-99,32.73,32.91,30.48,31.69,33764900
4-Feb-99,33.97,34.03,32.29,32.32,21603300
3-Feb-99,33.16,34.53,32.99,34.45,14255000
2-Feb-99,34.26,34.28,32.96,33.43,14917300
1-Feb-99,34.93,34.93,34.02,34.23,13061500
29-Jan-99,34.23,35.04,33.86,34.99,14312100
28-Jan-99,34.05,34.42,33.52,34.06,20950500
27-Jan-99,33.92,34.14,32.93,32.96,14334000
26-Jan-99,32.99,34.02,32.68,34.00,17032500
25-Jan-99,32.25,32.59,31.42,32.43,14879800
22-Jan-99,32.46,32.96,31.90,32.00,21860200
21-Jan-99,34.02,34.17,32.84,33.15,15981600
20-Jan-99,34.98,35.68,34.17,34.33,15375300
19-Jan-99,34.12,34.67,33.52,34.60,10825600
15-Jan-99,33.33,33.95,33.27,33.61,15987800
14-Jan-99,34.76,34.76,33.15,33.21,20597700
13-Jan-99,32.60,35.29,32.53,34.51,29702300
12-Jan-99,35.32,35.38,33.39,33.66,25894500
11-Jan-99,33.22,35.10,32.49,34.70,26453200
8-Jan-99,32.56,32.65,31.81,32.20,10977800
7-Jan-99,31.69,32.53,31.66,32.09,13616600
6-Jan-99,31.25,32.22,30.85,32.15,26932600
5-Jan-99,29.92,31.07,29.79,30.60,16379700
4-Jan-99,29.78,30.57,29.72,30.00,16351200
31-Dec-98,29.73,29.95,29.36,29.44,7262400
30-Dec-98,29.92,30.52,29.56,29.59,10370100
29-Dec-98,30.32,30.79,29.89,30.06,10113000
28-Dec-98,31.21,31.21,30.29,30.32,6966100
24-Dec-98,30.99,31.33,30.68,31.04,4357700
23-Dec-98,31.04,31.04,30.14,31.04,19971100
22-Dec-98,30.38,30.48,29.36,29.56,11548300
21-Dec-98,29.92,30.79,29.78,30.46,9714100
18-Dec-98,29.75,29.93,29.51,29.79,15805400
17-Dec-98,28.52,29.16,28.49,29.02,9969200
16-Dec-98,28.93,29.05,28.15,28.34,11157700
15-Dec-98,28.03,28.86,27.81,28.79,17538500
14-Dec-98,28.43,28.68,27.61,27.70,15475700
11-Dec-98,28.43,29.11,28.18,28.91,13726200
10-Dec-98,29.44,29.83,28.37,28.46,15425200
9-Dec-98,30.10,30.17,29.38,29.59,12564700
8-Dec-98,29.86,30.79,29.59,29.81,24864000
7-Dec-98,28.96,29.67,28.89,29.53,12764000
4-Dec-98,28.12,28.88,28.09,28.88,17638100
3-Dec-98,28.20,29.08,27.03,27.19,19557300
2-Dec-98,28.29,28.55,27.65,28.20,16149300
1-Dec-98,26.27,28.55,26.24,28.55,19231100
30-Nov-98,27.48,27.87,26.69,26.72,15777400
27-Nov-98,27.14,27.37,27.06,27.31,4319600
25-Nov-98,27.56,27.84,26.75,27.25,14721300
24-Nov-98,27.93,28.37,27.40,27.42,11577400
23-Nov-98,27.78,28.77,27.45,28.20,14373000
20-Nov-98,28.27,28.34,27.58,27.82,16884100
19-Nov-98,27.51,28.60,27.50,28.03,23539400
18-Nov-98,26.91,27.53,26.88,27.28,12974800
17-Nov-98,26.38,27.31,26.23,26.94,14614600
16-Nov-98,26.12,26.57,26.09,26.54,12383000
13-Nov-98,25.17,26.04,25.17,25.76,14972900
12-Nov-98,25.48,26.09,25.17,25.50,18077200
11-Nov-98,25.26,25.91,25.23,25.74,31537100
10-Nov-98,23.93,24.70,23.76,24.22,21476100
9-Nov-98,23.56,23.85,23.20,23.84,11885500
6-Nov-98,23.29,23.80,23.23,23.70,16278300
5-Nov-98,23.34,23.46,23.15,23.34,14662400
4-Nov-98,22.75,23.59,22.61,23.54,27445900
3-Nov-98,22.63,22.79,22.26,22.44,12778900
2-Nov-98,22.27,22.83,22.23,22.79,13145300
30-Oct-98,22.34,22.54,22.12,22.13,11951900
29-Oct-98,21.99,22.49,21.98,22.27,18256000
28-Oct-98,21.54,22.21,21.53,22.14,12235400
27-Oct-98,22.20,22.27,21.65,21.67,13185800
26-Oct-98,21.61,22.10,21.47,22.07,12425100
23-Oct-98,21.48,22.07,21.44,21.65,14226300
22-Oct-98,21.39,21.81,21.23,21.68,12070900
21-Oct-98,21.14,21.62,21.00,21.61,14350500
20-Oct-98,21.28,21.65,20.97,20.99,20847000
19-Oct-98,20.63,21.13,20.51,21.09,14848700
16-Oct-98,21.14,21.22,20.74,20.78,19178200
15-Oct-98,20.43,21.16,20.23,20.99,18483900
14-Oct-98,20.54,20.91,20.38,20.49,27718900
13-Oct-98,20.97,21.20,20.33,20.74,25167500
12-Oct-98,21.06,21.31,20.91,21.20,15637100
9-Oct-98,19.78,20.91,19.70,20.80,21818600
8-Oct-98,19.06,19.95,18.81,19.47,30149200
7-Oct-98,19.57,20.13,19.48,19.62,20723200
6-Oct-98,20.49,20.66,19.50,19.76,20652400
5-Oct-98,20.49,20.77,19.31,19.99,19627800
2-Oct-98,20.55,21.09,20.16,20.82,14818900
1-Oct-98,20.91,21.20,20.37,20.71,15347500
30-Sep-98,21.67,21.84,21.25,21.28,11337500
29-Sep-98,21.68,21.99,21.53,21.96,13185000
28-Sep-98,21.95,22.09,21.39,21.59,15034300
25-Sep-98,21.00,22.03,20.85,21.92,17362800
24-Sep-98,21.53,21.87,20.94,21.17,15680800
23-Sep-98,20.88,21.61,20.82,21.61,16952100
22-Sep-98,21.11,21.16,20.69,20.74,10222700
21-Sep-98,20.16,21.00,20.01,21.00,9859400
18-Sep-98,20.65,20.72,20.35,20.60,12651200
17-Sep-98,20.57,20.91,20.44,20.60,14107700
16-Sep-98,21.36,21.54,20.77,21.11,11293000
15-Sep-98,21.09,21.37,20.99,21.33,11828300
14-Sep-98,21.03,21.48,20.99,21.30,16990000
11-Sep-98,20.66,21.11,20.35,21.08,37521500
10-Sep-98,19.79,20.01,19.22,19.62,19112200
9-Sep-98,20.55,21.00,20.13,20.16,23614000
8-Sep-98,20.15,20.35,19.70,20.33,20773200
4-Sep-98,19.28,19.57,18.89,19.42,16162300
3-Sep-98,18.63,19.54,18.50,19.05,26939700
2-Sep-98,18.94,19.34,18.38,18.58,21220300
1-Sep-98,17.60,19.05,17.31,18.86,27255300
31-Aug-98,19.08,19.22,17.60,17.67,26067300
28-Aug-98,19.45,19.99,18.80,19.11,23611300
27-Aug-98,20.20,20.37,19.05,19.79,33363700
26-Aug-98,20.52,20.97,20.40,20.60,13128800
25-Aug-98,21.22,21.31,20.77,20.95,13110600
24-Aug-98,21.14,21.46,20.71,21.00,21082200
21-Aug-98,20.99,21.27,20.44,21.08,29034000
20-Aug-98,21.59,21.90,21.19,21.34,33571700
19-Aug-98,22.82,22.89,22.15,22.23,16937200
18-Aug-98,22.20,22.99,22.18,22.69,29901200
17-Aug-98,21.28,22.27,21.28,22.23,23954100
14-Aug-98,21.33,21.53,21.23,21.39,15575400
13-Aug-98,21.31,21.59,20.97,21.16,16328500
12-Aug-98,21.22,21.34,20.94,21.25,13801500
11-Aug-98,20.91,21.19,20.80,20.99,18230000
10-Aug-98,21.41,21.78,21.27,21.50,12292700
7-Aug-98,21.81,22.07,21.44,21.51,20452500
6-Aug-98,20.60,21.73,20.60,21.59,23638200
5-Aug-98,20.37,20.99,20.13,20.88,22862600
4-Aug-98,21.19,21.34,20.26,20.33,19358500
3-Aug-98,20.75,21.37,20.63,21.05,13965900
31-Jul-98,21.67,21.81,20.91,20.96,12008200
30-Jul-98,21.27,21.78,21.09,21.75,14503600
29-Jul-98,21.44,21.54,20.96,21.00,14259900
28-Jul-98,21.54,21.90,21.22,21.25,29501900
27-Jul-98,20.41,21.37,20.29,21.36,21115900
24-Jul-98,20.54,20.85,20.26,20.61,14746200
23-Jul-98,20.27,21.08,20.21,20.49,21351000
22-Jul-98,20.01,20.60,20.01,20.44,16454600
21-Jul-98,20.20,21.05,20.15,20.26,19987000
20-Jul-98,20.44,20.61,20.24,20.29,9385400
17-Jul-98,20.82,20.83,20.46,20.63,12529800
16-Jul-98,20.85,21.06,20.60,20.91,16826800
15-Jul-98,20.13,21.09,20.07,20.91,42018300
14-Jul-98,20.52,20.69,19.95,20.02,22173500
13-Jul-98,19.79,20.47,19.73,20.44,19279600
10-Jul-98,19.73,19.98,19.42,19.79,14330000
9-Jul-98,19.25,19.95,19.19,19.79,24098800
8-Jul-98,18.77,19.44,18.75,19.44,21817000
7-Jul-98,18.15,18.69,18.01,18.64,13559900
6-Jul-98,18.01,18.35,17.93,18.24,8895400
2-Jul-98,18.50,18.64,18.16,18.18,10048500
1-Jul-98,18.54,18.71,17.98,18.66,17499900
30-Jun-98,18.57,18.71,18.24,18.40,12667300
29-Jun-98,19.08,19.17,18.55,18.81,11237500
26-Jun-98,18.75,19.14,18.61,18.95,10723200
25-Jun-98,19.17,19.26,18.64,18.77,13833400
24-Jun-98,18.63,19.23,18.18,19.20,19185100
23-Jun-98,18.55,18.80,18.44,18.68,18788800
22-Jun-98,17.34,18.46,17.29,18.33,20018000
19-Jun-98,17.53,17.53,17.06,17.37,17222900
18-Jun-98,17.16,17.39,16.94,17.29,10479100
17-Jun-98,17.34,17.60,17.03,17.19,17284800
16-Jun-98,16.81,17.34,16.66,17.33,17064000
15-Jun-98,16.69,17.06,16.58,16.60,13308500
12-Jun-98,16.98,17.00,16.36,16.98,18019900
11-Jun-98,17.08,17.22,16.91,17.02,10783900
10-Jun-98,17.33,17.43,16.95,17.02,12238900
9-Jun-98,17.17,17.47,17.03,17.42,12973200
8-Jun-98,17.36,17.37,16.81,17.20,17567200
5-Jun-98,17.17,17.36,16.81,17.33,14761500
4-Jun-98,16.78,17.12,16.58,16.92,20679000
3-Jun-98,17.40,17.54,16.29,16.36,26140000
2-Jun-98,17.12,17.23,16.92,17.19,18010100
1-Jun-98,17.16,17.22,16.78,16.88,27095000
29-May-98,18.27,18.36,17.68,17.73,19306300
28-May-98,18.27,18.58,18.15,18.24,11417700
27-May-98,18.24,18.47,18.09,18.44,16380000
26-May-98,18.72,18.83,18.35,18.54,12884500
22-May-98,18.55,18.55,18.35,18.44,10277700
21-May-98,18.94,19.00,18.32,18.40,23787900
20-May-98,19.67,19.70,18.99,19.11,17259500
19-May-98,19.78,20.02,19.62,19.75,9197700
18-May-98,19.85,20.18,19.45,19.70,11152300
15-May-98,20.65,20.66,19.82,19.93,24646000
14-May-98,20.80,21.20,20.71,20.99,14011900
13-May-98,21.00,21.17,20.78,21.05,13103300
12-May-98,20.46,21.02,20.37,20.99,12118200
11-May-98,20.82,21.06,20.47,20.47,11969400
8-May-98,20.01,20.89,19.99,20.86,17096200
7-May-98,20.21,20.41,20.02,20.10,9781100
6-May-98,20.40,20.41,20.04,20.20,8248200
5-May-98,20.29,20.54,20.24,20.32,8698700
4-May-98,20.41,20.72,20.16,20.35,9144500
1-May-98,20.09,20.47,19.89,20.38,11446600
30-Apr-98,20.01,20.24,19.70,20.06,12638500
29-Apr-98,19.73,19.98,19.54,19.89,10452600
28-Apr-98,20.04,20.20,19.42,19.68,15457900
27-Apr-98,19.92,20.20,19.54,19.85,20789000
24-Apr-98,20.32,20.69,20.16,20.37,17119200
23-Apr-98,20.66,21.11,20.37,20.66,24618000
22-Apr-98,19.67,20.97,19.64,20.86,37968800
21-Apr-98,19.30,19.61,19.26,19.59,23298900
20-Apr-98,18.60,19.02,18.58,18.99,10100100
17-Apr-98,18.38,18.69,18.35,18.66,11278200
16-Apr-98,18.23,18.58,18.18,18.46,18085700
15-Apr-98,19.40,19.73,18.55,18.58,35703300
14-Apr-98,18.77,19.09,18.63,18.86,17495500
13-Apr-98,18.33,18.99,18.24,18.92,15861500
9-Apr-98,18.40,18.54,18.23,18.30,14641000
8-Apr-98,18.12,18.23,17.70,18.01,20033500
7-Apr-98,18.36,18.46,17.90,18.02,18388800
6-Apr-98,18.91,18.92,18.33,18.33,17888500
3-Apr-98,19.02,19.33,18.89,19.05,18602800
2-Apr-98,19.09,19.23,18.88,18.95,11082700
1-Apr-98,19.23,19.34,18.97,19.23,15025200
31-Mar-98,19.03,19.42,19.02,19.37,14363000
30-Mar-98,19.51,19.54,19.14,19.20,11125100
27-Mar-98,19.44,19.75,19.42,19.57,18196300
26-Mar-98,19.09,19.42,19.05,19.40,13901600
25-Mar-98,18.83,18.97,18.68,18.88,16646900
24-Mar-98,18.66,18.83,18.36,18.47,15722200
23-Mar-98,18.74,18.74,18.47,18.63,18408900
20-Mar-98,19.23,19.23,18.69,18.80,16022700
19-Mar-98,19.20,19.34,19.05,19.19,8639500
18-Mar-98,18.85,19.22,18.83,19.11,8132000
17-Mar-98,19.23,19.28,18.77,19.05,13860100
16-Mar-98,19.12,19.33,19.11,19.28,9039900
13-Mar-98,19.11,19.23,19.00,19.02,8396100
12-Mar-98,18.89,19.03,18.69,18.95,9870900
11-Mar-98,19.00,19.02,18.63,18.83,14119800
10-Mar-98,18.99,18.99,18.60,18.74,17101500
9-Mar-98,19.42,19.45,18.60,18.63,26769200
6-Mar-98,19.20,19.42,18.89,19.39,32088900
5-Mar-98,18.63,19.20,18.61,18.75,92332600
4-Mar-98,21.08,21.58,21.05,21.45,13550000
3-Mar-98,21.33,21.42,20.88,21.17,29159800
2-Mar-98,22.29,22.68,21.72,21.75,17933400
27-Feb-98,22.82,22.93,22.21,22.26,18390900
26-Feb-98,23.27,23.34,22.89,22.91,13979700
25-Feb-98,23.00,23.42,22.99,23.33,12495000
24-Feb-98,23.36,23.73,22.89,22.93,18946300
23-Feb-98,23.08,23.48,22.93,23.38,17230300
20-Feb-98,22.65,22.93,22.46,22.79,24620500
19-Feb-98,22.09,22.61,21.87,22.48,34073800
18-Feb-98,20.94,21.59,20.91,21.58,16450700
17-Feb-98,21.00,21.08,20.83,21.00,10370400
13-Feb-98,20.94,21.08,20.80,20.80,9773400
12-Feb-98,20.82,21.16,20.54,21.09,17597200
11-Feb-98,21.27,21.36,20.91,21.11,16229500
10-Feb-98,21.20,21.79,21.11,21.41,14893800
9-Feb-98,21.70,21.81,21.20,21.30,11451100
6-Feb-98,21.28,21.84,21.25,21.73,13010700
5-Feb-98,22.03,22.35,21.37,21.47,24330200
4-Feb-98,21.37,21.92,21.25,21.73,18847900
3-Feb-98,20.85,21.62,20.75,21.42,24971100
2-Feb-98,20.47,20.75,20.40,20.61,15606500
30-Jan-98,20.47,20.54,20.07,20.10,11346000
29-Jan-98,19.93,20.57,19.92,20.35,18091600
28-Jan-98,19.79,20.21,19.73,20.07,16765900
27-Jan-98,19.33,19.75,19.20,19.65,14678300
26-Jan-98,19.11,19.36,19.11,19.28,11173800
23-Jan-98,19.08,19.33,18.99,19.16,14046200
22-Jan-98,18.86,19.23,18.85,18.99,12474500
21-Jan-98,18.72,19.28,18.71,19.03,17353800
20-Jan-98,18.64,18.94,18.58,18.92,12493000
16-Jan-98,18.81,18.83,18.52,18.57,14820300
15-Jan-98,18.58,18.95,18.52,18.69,13364600
14-Jan-98,19.11,19.12,18.46,18.72,30990500
13-Jan-98,18.95,19.17,18.92,19.09,24337000
12-Jan-98,17.57,18.78,17.54,18.77,30936900
9-Jan-98,18.50,18.61,17.68,17.84,22007200
8-Jan-98,17.93,18.57,17.90,18.44,18932600
7-Jan-98,18.05,18.27,17.76,18.05,13845200
6-Jan-98,18.33,18.44,18.04,18.15,12078400
5-Jan-98,18.13,18.65,17.87,18.49,19592100
2-Jan-98,17.54,18.02,17.50,18.02,10231800
31-Dec-97,17.81,17.82,17.40,17.43,10530900
30-Dec-97,17.65,17.90,17.64,17.79,10289300
29-Dec-97,17.78,17.84,17.43,17.57,10161000
26-Dec-97,17.47,17.64,17.37,17.59,3703900
24-Dec-97,17.64,17.71,17.35,17.43,5505400
23-Dec-97,17.73,18.05,17.38,17.42,11097300
22-Dec-97,18.05,18.23,17.62,17.73,18898000
19-Dec-97,16.88,17.40,16.72,17.37,27266900
18-Dec-97,17.34,17.37,16.84,17.16,23461400
17-Dec-97,17.98,18.02,17.20,17.25,19318200
16-Dec-97,18.09,18.29,17.50,17.67,15335800
15-Dec-97,17.43,18.32,17.16,17.90,27134100
12-Dec-97,17.93,18.05,17.39,17.50,19645300
11-Dec-97,18.13,18.30,17.81,17.82,22507900
10-Dec-97,18.63,18.74,18.09,18.54,20421300
9-Dec-97,19.36,19.51,18.73,18.77,16063700
8-Dec-97,19.39,19.65,19.25,19.47,10052400
5-Dec-97,19.02,19.42,18.95,19.25,13444100
4-Dec-97,19.61,19.64,18.86,19.03,20556000
3-Dec-97,19.30,19.65,18.89,19.48,13779900
2-Dec-97,20.09,20.10,19.14,19.37,17082400
1-Dec-97,19.48,20.29,19.40,20.23,17280500
28-Nov-97,19.08,19.33,18.92,19.26,3485800
26-Nov-97,19.06,19.23,18.95,19.02,8307400
25-Nov-97,19.37,19.39,18.86,18.97,17660200
24-Nov-97,19.78,20.07,19.39,19.39,14179000
21-Nov-97,20.29,20.29,19.78,19.92,14490200
20-Nov-97,19.73,20.20,19.54,20.07,13477700
19-Nov-97,19.51,19.81,19.40,19.62,10762500
18-Nov-97,19.92,20.01,19.50,19.54,11087900
17-Nov-97,19.85,20.13,19.73,19.96,14029200
14-Nov-97,19.44,19.64,19.08,19.54,12811700
13-Nov-97,18.88,19.36,18.55,19.34,17883600
12-Nov-97,18.83,19.36,18.55,18.60,20067800
11-Nov-97,18.64,19.20,18.61,18.92,10479400
10-Nov-97,19.19,19.42,18.59,18.64,19759700
7-Nov-97,17.95,19.36,17.87,19.22,39805900
6-Nov-97,18.60,18.60,18.10,18.24,22857700
5-Nov-97,19.11,19.11,18.46,18.52,25426200
4-Nov-97,19.51,19.73,18.64,18.85,24882700
3-Nov-97,19.47,19.61,19.26,19.48,16644900
31-Oct-97,19.42,19.45,18.92,19.11,21965500
30-Oct-97,19.30,19.61,18.77,18.80,26565800
29-Oct-97,20.63,20.66,19.67,19.92,32985800
28-Oct-97,19.78,21.53,17.19,21.09,51950100
27-Oct-97,19.52,19.79,18.35,18.55,26291000
24-Oct-97,20.66,20.72,19.42,19.85,30694700
23-Oct-97,20.35,20.75,20.04,20.32,23372400
22-Oct-97,21.31,21.37,20.82,20.83,12664100
21-Oct-97,21.33,21.33,21.06,21.13,15066200
20-Oct-97,20.91,21.13,20.63,20.86,18506700
17-Oct-97,21.00,21.13,20.32,20.60,24584600
16-Oct-97,21.72,21.73,21.00,21.19,22545500
15-Oct-97,21.23,21.65,21.22,21.51,66288600
14-Oct-97,22.99,23.08,22.35,22.79,21927300
13-Oct-97,23.20,23.24,22.77,22.97,11602400
10-Oct-97,23.36,23.39,23.08,23.08,9917000
9-Oct-97,23.36,23.64,23.24,23.50,10551400
8-Oct-97,23.45,23.58,23.22,23.47,12155400
7-Oct-97,23.36,23.73,23.24,23.64,10634400
6-Oct-97,23.36,23.51,23.13,23.20,9928400
3-Oct-97,23.51,23.51,22.89,23.16,10901000
2-Oct-97,23.22,23.28,22.75,23.11,7082600
1-Oct-97,23.02,23.17,22.49,23.14,18518900
30-Sep-97,23.55,23.58,22.89,22.91,15505300
29-Sep-97,23.25,23.82,23.17,23.67,6990800
26-Sep-97,23.36,23.36,23.05,23.10,13088700
25-Sep-97,23.51,23.87,23.08,23.11,13614600
24-Sep-97,24.57,24.60,23.67,23.73,15166200
23-Sep-97,24.04,24.63,23.98,24.60,14358000
22-Sep-97,23.72,24.24,23.67,23.92,10998500
19-Sep-97,23.64,23.73,23.53,23.69,11320600
18-Sep-97,23.84,24.20,23.55,23.58,9255800
17-Sep-97,24.10,24.26,23.58,23.74,17696000
16-Sep-97,23.08,23.92,22.96,23.78,14925100
15-Sep-97,23.38,23.69,22.83,22.85,8306000
12-Sep-97,23.38,23.51,23.20,23.39,10632400
11-Sep-97,23.55,23.82,23.14,23.64,12824000
10-Sep-97,24.17,24.36,23.70,23.70,13814800
9-Sep-97,23.87,24.27,23.82,24.26,14179400
8-Sep-97,23.75,24.03,23.64,23.81,10090100
5-Sep-97,23.76,23.89,23.42,23.47,9852300
4-Sep-97,23.27,23.79,23.20,23.48,11733600
3-Sep-97,23.58,23.82,23.27,23.28,11516600
2-Sep-97,23.11,23.70,23.08,23.59,12729100
29-Aug-97,22.77,23.17,22.71,22.86,9723900
28-Aug-97,22.93,23.39,22.60,22.93,14655400
27-Aug-97,22.85,23.36,22.80,23.34,11133600
26-Aug-97,23.20,23.39,22.97,23.00,11510700
25-Aug-97,23.72,23.98,23.20,23.38,16419100
22-Aug-97,22.77,23.89,22.75,23.87,30048100
21-Aug-97,25.03,25.03,24.24,24.41,15703300
20-Aug-97,24.45,25.00,24.17,24.94,15663700
19-Aug-97,23.82,24.38,23.67,24.30,17018400
18-Aug-97,22.77,23.51,22.30,23.47,20021400
15-Aug-97,23.67,23.76,22.83,22.86,16657900
14-Aug-97,24.04,24.14,23.59,23.79,12039100
13-Aug-97,24.14,24.35,23.39,23.92,15969800
12-Aug-97,24.10,24.48,23.58,23.65,11986700
11-Aug-97,24.14,24.29,23.27,23.86,18349900
8-Aug-97,24.41,24.76,23.79,24.27,20843400
7-Aug-97,25.19,25.27,24.82,24.83,15703400
6-Aug-97,24.90,25.31,24.43,24.83,18559500
5-Aug-97,24.24,24.85,24.04,24.74,21571100
4-Aug-97,23.20,24.07,23.05,24.01,17394600
1-Aug-97,23.02,23.41,22.46,23.24,21846700
31-Jul-97,22.38,22.86,22.13,22.79,17787700
30-Jul-97,21.72,22.43,21.65,22.18,10510200
29-Jul-97,21.75,21.96,21.56,21.87,9580300
28-Jul-97,22.15,22.27,21.82,21.98,7766600
25-Jul-97,22.27,22.61,21.93,22.13,12390000
24-Jul-97,22.09,22.49,21.93,22.27,12211500
23-Jul-97,22.24,22.52,22.09,22.17,16644500
22-Jul-97,21.23,22.07,21.19,22.03,15836000
21-Jul-97,21.39,21.47,20.99,21.27,14278100
18-Jul-97,21.53,21.75,21.03,21.45,22442100
17-Jul-97,21.90,22.26,21.37,21.79,25736600
16-Jul-97,21.44,22.06,21.03,21.93,47206900
15-Jul-97,20.04,20.33,19.78,20.08,34412600
14-Jul-97,19.17,19.60,19.05,19.54,22753700
11-Jul-97,18.68,19.11,18.60,19.09,11080200
10-Jul-97,18.92,19.05,18.58,18.63,13083900
9-Jul-97,18.74,19.18,18.74,18.94,16803400
8-Jul-97,18.34,18.66,18.15,18.57,11080100
7-Jul-97,18.08,18.49,18.04,18.29,10131600
3-Jul-97,17.95,18.03,17.74,17.99,8705700
2-Jul-97,17.37,17.76,17.25,17.74,15862500
1-Jul-97,17.62,17.64,17.20,17.26,15011800
30-Jun-97,17.70,17.81,17.47,17.60,9249600
27-Jun-97,17.99,18.01,17.62,17.65,10399800
26-Jun-97,18.04,18.19,17.82,17.83,11165100
25-Jun-97,18.46,18.47,18.10,18.20,8952700
24-Jun-97,18.18,18.43,18.02,18.36,7483600
23-Jun-97,18.12,18.27,18.01,18.02,6902200
20-Jun-97,18.16,18.45,18.12,18.21,8858800
19-Jun-97,18.18,18.30,17.96,18.17,8396200
18-Jun-97,18.30,18.43,18.12,18.19,9690300
17-Jun-97,18.28,18.63,18.18,18.57,10589900
16-Jun-97,18.07,18.29,17.95,18.27,6786100
13-Jun-97,17.85,18.24,17.65,17.96,15003100
12-Jun-97,17.74,18.05,17.62,17.83,18393100
11-Jun-97,18.02,18.35,17.64,18.30,13009400
10-Jun-97,18.42,18.49,17.95,18.02,13702300
9-Jun-97,18.35,18.58,18.35,18.52,11995800
6-Jun-97,17.85,18.23,17.74,18.12,10709200
5-Jun-97,17.92,18.05,17.70,17.76,14109000
4-Jun-97,18.09,18.36,17.53,17.68,21665400
3-Jun-97,18.43,18.43,17.97,17.99,22352600
2-Jun-97,19.11,19.19,18.50,18.58,23305400
30-May-97,17.68,19.06,17.37,18.80,57376800
29-May-97,20.77,20.78,20.21,20.32,11675600
28-May-97,21.06,21.06,20.54,20.74,13780700
27-May-97,20.27,21.02,20.16,21.01,13255600
23-May-97,20.20,20.35,20.04,20.25,5418900
22-May-97,20.20,20.32,19.82,20.02,8932500
21-May-97,20.29,20.49,20.10,20.16,13156600
20-May-97,19.30,19.99,19.30,19.98,11761300
19-May-97,19.26,19.45,18.99,19.20,6703000
16-May-97,19.45,19.61,19.23,19.25,10669300
15-May-97,19.06,19.68,18.97,19.62,11513100
14-May-97,18.55,18.97,18.13,18.95,24002800
13-May-97,19.61,19.67,18.74,18.91,19211800
12-May-97,19.87,19.92,19.62,19.75,8505900
9-May-97,19.96,20.04,19.57,19.79,11644900
8-May-97,19.25,19.90,19.23,19.70,12471300
7-May-97,19.36,19.85,19.33,19.34,10213500
6-May-97,19.93,19.98,19.53,19.61,12926200
5-May-97,19.67,20.16,19.55,20.16,13087800
2-May-97,19.20,19.56,19.11,19.56,9658000
1-May-97,19.03,19.22,18.85,19.08,12108500
30-Apr-97,18.55,19.05,18.54,19.00,15322500
29-Apr-97,18.50,18.63,18.36,18.61,10542700
28-Apr-97,17.90,18.24,17.78,18.16,10024300
25-Apr-97,17.90,18.10,17.85,17.85,9954700
24-Apr-97,18.40,18.50,18.13,18.13,14764300
23-Apr-97,17.53,18.19,17.48,18.15,15150700
22-Apr-97,17.20,17.53,17.06,17.48,10145700
21-Apr-97,17.00,17.39,16.91,17.17,11202500
18-Apr-97,17.42,17.42,17.00,17.02,13359000
17-Apr-97,16.78,17.24,16.69,17.12,16368500
16-Apr-97,16.26,16.69,16.24,16.63,12551800
15-Apr-97,16.40,16.57,15.91,16.26,24963100
14-Apr-97,16.40,16.61,16.19,16.60,19348800
11-Apr-97,16.78,16.78,16.10,16.19,24070500
10-Apr-97,17.71,17.71,17.00,17.03,15397700
9-Apr-97,18.30,18.40,17.62,17.65,10213200
8-Apr-97,18.05,18.21,17.92,18.19,10593400
7-Apr-97,18.12,18.50,17.99,18.01,12370500
4-Apr-97,17.36,18.04,17.33,17.99,15665600
3-Apr-97,16.91,17.50,16.89,17.45,12863100
2-Apr-97,17.23,17.29,16.94,17.00,12819700
1-Apr-97,17.08,17.34,17.05,17.29,11347800
31-Mar-97,17.22,17.40,17.00,17.26,13473800
27-Mar-97,17.68,17.85,17.03,17.26,17577000
26-Mar-97,16.72,17.47,16.66,17.45,15966600
25-Mar-97,16.29,16.75,16.13,16.53,14447900
24-Mar-97,16.08,16.27,15.60,16.21,21240100
21-Mar-97,16.58,16.65,16.18,16.19,10299600
20-Mar-97,16.58,16.78,16.29,16.53,13472300
19-Mar-97,16.81,16.88,16.38,16.55,16865800
18-Mar-97,17.03,17.12,16.74,16.97,11902900
17-Mar-97,16.89,16.97,16.30,16.92,20183300
14-Mar-97,17.64,17.78,17.06,17.11,10199800
13-Mar-97,17.57,17.81,17.37,17.53,11362300
12-Mar-97,17.76,17.85,17.37,17.71,12298500
11-Mar-97,17.95,18.13,17.81,17.85,10123300
10-Mar-97,17.78,18.09,17.56,17.96,10264400
7-Mar-97,18.18,18.36,17.68,17.81,10776700
6-Mar-97,18.55,18.64,18.01,18.04,14449000
5-Mar-97,18.36,18.57,18.32,18.55,12452200
4-Mar-97,18.19,18.57,18.12,18.16,15033800
3-Mar-97,17.51,18.12,17.43,18.10,10315500
28-Feb-97,17.31,17.95,17.00,17.60,18721900
27-Feb-97,18.13,18.15,17.33,17.34,12664000
26-Feb-97,18.43,18.46,17.96,18.16,11836300
25-Feb-97,18.71,18.78,18.30,18.47,12395400
24-Feb-97,17.85,18.55,17.65,18.50,16495600
21-Feb-97,18.55,18.57,18.04,18.16,15936300
20-Feb-97,18.89,18.99,18.53,18.60,16123200
19-Feb-97,19.12,19.33,19.02,19.09,6898800
18-Feb-97,19.14,19.25,18.88,19.19,7504200
14-Feb-97,19.37,19.48,19.05,19.17,8664200
13-Feb-97,19.61,19.73,19.36,19.48,12062400
12-Feb-97,18.83,19.48,18.68,19.45,14092800
11-Feb-97,19.12,19.20,18.18,18.83,18980300
10-Feb-97,19.57,19.68,18.74,18.81,15790300
7-Feb-97,19.26,19.51,19.14,19.40,14743900
6-Feb-97,19.47,19.53,18.71,19.00,22547100
5-Feb-97,20.21,20.23,19.23,19.51,23498900
4-Feb-97,20.38,20.46,20.15,20.44,11168300
3-Feb-97,20.29,20.47,20.10,20.33,9666000
31-Jan-97,19.93,20.35,19.89,20.13,12580900
30-Jan-97,19.44,19.89,19.33,19.87,11021000
29-Jan-97,18.92,19.20,18.80,19.20,9295400
28-Jan-97,18.94,19.08,18.58,18.74,7355400
27-Jan-97,18.72,18.89,18.52,18.63,8691500
24-Jan-97,18.86,19.19,18.66,18.68,14294000
23-Jan-97,19.02,19.34,18.81,18.83,12390400
22-Jan-97,18.43,18.89,18.21,18.88,11061300
21-Jan-97,18.01,18.41,17.98,18.37,8071700
20-Jan-97,17.92,18.11,17.87,18.02,7333600
17-Jan-97,17.62,18.04,17.62,17.88,12245300
16-Jan-97,17.84,18.12,17.63,17.67,16672700
15-Jan-97,18.30,18.35,17.56,17.62,28427400
14-Jan-97,18.35,18.58,18.18,18.26,14234100
13-Jan-97,18.09,18.34,17.87,18.23,14575000
10-Jan-97,17.64,17.96,17.56,17.93,13988400
9-Jan-97,17.79,17.87,17.59,17.74,9677500
8-Jan-97,17.87,18.07,17.59,17.65,15688800
7-Jan-97,17.19,17.81,17.00,17.79,12019200
6-Jan-97,17.26,17.59,17.09,17.23,15068700
3-Jan-97,16.50,17.19,16.46,17.17,11956000
2-Jan-97,16.35,16.38,15.84,16.18,12204900
31-Dec-96,16.55,16.63,16.22,16.25,6415300
30-Dec-96,16.89,16.95,16.53,16.53,5723000
27-Dec-96,17.02,17.03,16.74,16.80,4171300
26-Dec-96,16.86,17.16,16.77,16.95,6209600
24-Dec-96,16.43,16.83,16.24,16.81,4356800
23-Dec-96,16.74,16.74,16.40,16.41,7200400
20-Dec-96,17.12,17.12,16.66,16.71,13394500
19-Dec-96,17.05,17.23,16.88,17.06,11230700
18-Dec-96,16.41,16.86,16.29,16.84,10726500
17-Dec-96,15.71,16.24,15.68,16.13,14948700
16-Dec-96,16.55,16.61,15.74,15.79,14844900
13-Dec-96,16.95,17.02,16.38,16.43,15631100
12-Dec-96,17.51,17.56,16.97,16.98,18998100
11-Dec-96,15.98,17.00,15.88,16.98,21006500
10-Dec-96,16.47,16.55,16.01,16.02,10787800
9-Dec-96,15.60,16.15,15.60,16.15,7474900
6-Dec-96,15.45,15.84,15.31,15.60,13066700
5-Dec-96,16.18,16.18,15.79,15.91,10275100
4-Dec-96,15.76,16.08,15.62,16.07,12162700
3-Dec-96,15.81,16.05,15.59,15.62,9478000
2-Dec-96,15.64,15.82,15.43,15.77,7783500
29-Nov-96,15.74,15.79,15.71,15.74,2448100
27-Nov-96,15.43,15.79,15.32,15.71,10636600
26-Nov-96,15.12,15.45,14.83,15.36,15618800
25-Nov-96,15.12,15.22,14.81,15.08,7782900
22-Nov-96,14.86,15.22,14.80,15.20,9503300
21-Nov-96,15.11,15.12,14.61,14.75,11983700
20-Nov-96,15.06,15.45,14.97,15.00,12425900
19-Nov-96,14.29,15.01,14.27,14.98,11245900
18-Nov-96,14.43,14.52,14.10,14.32,12275600
15-Nov-96,14.92,14.92,14.32,14.38,15167500
14-Nov-96,14.72,15.05,14.66,14.88,9693700
13-Nov-96,15.03,15.06,14.71,14.83,9121700
12-Nov-96,15.51,15.53,14.91,15.01,12356400
11-Nov-96,15.14,15.39,15.05,15.37,6144800
8-Nov-96,15.12,15.26,14.94,15.17,8640700
7-Nov-96,14.89,15.48,14.74,15.15,16156300
6-Nov-96,14.15,14.81,14.05,14.75,13971300
5-Nov-96,13.70,14.19,13.70,14.15,10300800
4-Nov-96,13.51,13.74,13.45,13.70,5854800
1-Nov-96,13.63,13.63,13.40,13.49,7685800
31-Oct-96,13.31,13.67,13.29,13.63,8266200
30-Oct-96,13.01,13.32,13.00,13.25,8742500
29-Oct-96,13.23,13.31,12.87,12.95,9706000
28-Oct-96,13.14,13.34,13.11,13.15,7701400
25-Oct-96,13.31,13.57,13.08,13.08,7113100
24-Oct-96,13.63,13.80,13.34,13.34,8669300
23-Oct-96,13.06,13.59,13.00,13.57,10393100
22-Oct-96,13.28,13.37,13.00,13.09,12149200
21-Oct-96,13.60,13.80,13.29,13.37,8312400
18-Oct-96,13.74,13.74,13.56,13.65,7782200
17-Oct-96,14.05,14.13,13.74,13.74,8448300
16-Oct-96,13.71,14.02,13.53,13.98,10886500
15-Oct-96,14.16,14.18,13.62,13.79,20026200
14-Oct-96,13.23,13.43,13.11,13.35,11185100
11-Oct-96,12.73,13.08,12.72,13.08,11051400
10-Oct-96,12.32,12.64,12.30,12.39,8409700
9-Oct-96,12.87,12.91,12.50,12.52,13134200
8-Oct-96,13.09,13.28,12.58,12.61,14018600
7-Oct-96,12.63,13.03,12.63,12.95,6515400
4-Oct-96,12.50,12.63,12.41,12.62,5541800
3-Oct-96,12.27,12.44,12.18,12.35,8919500
2-Oct-96,11.91,12.33,11.90,12.28,8989600
1-Oct-96,11.74,11.93,11.70,11.88,6993300
30-Sep-96,12.01,12.04,11.82,11.84,5333500
27-Sep-96,12.13,12.13,11.97,12.02,4210000
26-Sep-96,12.11,12.35,11.97,12.08,10327600
25-Sep-96,12.05,12.10,11.94,12.07,5780300
24-Sep-96,11.93,12.13,11.93,11.97,7933700
23-Sep-96,11.99,12.04,11.82,11.88,6120300
20-Sep-96,12.05,12.18,11.91,12.08,10157800
19-Sep-96,11.82,12.10,11.79,12.04,8272000
18-Sep-96,11.77,12.10,11.59,11.87,12976500
17-Sep-96,11.73,11.79,11.46,11.70,19123800
16-Sep-96,10.94,11.09,10.87,11.00,8794700
13-Sep-96,10.74,10.98,10.61,10.94,10367500
12-Sep-96,10.58,10.62,10.50,10.59,6149700
11-Sep-96,10.41,10.56,10.39,10.55,5853900
10-Sep-96,10.35,10.49,10.27,10.46,9731400
9-Sep-96,10.10,10.38,10.08,10.36,7042800
6-Sep-96,10.10,10.19,9.99,10.08,4905500
5-Sep-96,10.13,10.18,9.97,10.00,6804500
4-Sep-96,10.14,10.24,10.10,10.21,4933700
3-Sep-96,9.82,10.16,9.74,10.13,6307300
30-Aug-96,10.08,10.11,9.90,9.90,3257800
29-Aug-96,10.07,10.16,10.04,10.10,4634900
28-Aug-96,10.14,10.21,10.07,10.08,4001900
27-Aug-96,10.10,10.13,9.96,10.11,5128800
26-Aug-96,10.10,10.11,9.99,10.08,4093700
23-Aug-96,10.25,10.31,10.12,10.13,4012600
22-Aug-96,10.04,10.30,10.00,10.30,7261300
21-Aug-96,9.77,9.96,9.74,9.96,5732900
20-Aug-96,10.02,10.04,9.86,9.86,4167200
19-Aug-96,10.02,10.07,9.90,10.02,3774000
16-Aug-96,10.13,10.19,10.04,10.05,5539900
15-Aug-96,10.13,10.21,10.08,10.14,3854000
14-Aug-96,10.00,10.18,9.99,10.14,6321600
13-Aug-96,10.10,10.16,9.86,9.96,7537500
12-Aug-96,10.19,10.33,10.08,10.19,6659400
9-Aug-96,9.91,10.25,9.86,10.22,15177100
8-Aug-96,10.14,10.19,9.99,10.02,10813100
7-Aug-96,9.96,10.25,9.93,10.22,13721400
6-Aug-96,9.65,9.91,9.62,9.91,8100200
5-Aug-96,9.77,9.88,9.69,9.69,7575600
2-Aug-96,9.68,9.82,9.66,9.77,13434400
1-Aug-96,9.35,9.56,9.29,9.55,10141300
31-Jul-96,9.25,9.35,9.20,9.32,8025700
30-Jul-96,9.14,9.26,9.07,9.23,7370900
29-Jul-96,9.18,9.32,9.04,9.04,8873600
26-Jul-96,9.01,9.23,8.98,9.21,10358800
25-Jul-96,8.77,8.97,8.66,8.95,9360900
24-Jul-96,8.24,8.72,8.19,8.56,16729000
23-Jul-96,9.03,9.03,8.56,8.62,13203000
22-Jul-96,9.01,9.03,8.85,8.97,6529000
19-Jul-96,8.97,9.10,8.89,9.03,9527000
18-Jul-96,8.95,9.03,8.84,9.00,10021200
17-Jul-96,9.18,9.21,8.78,8.89,24941400
16-Jul-96,8.52,8.70,7.96,8.69,25094400
15-Jul-96,8.75,8.79,8.52,8.58,12210300
12-Jul-96,8.79,8.91,8.70,8.84,17702900
11-Jul-96,8.89,8.93,8.52,8.62,18213000
10-Jul-96,9.06,9.07,8.87,9.04,11461900
9-Jul-96,9.17,9.21,9.07,9.10,4494600
8-Jul-96,8.97,9.24,8.93,9.06,8131700
5-Jul-96,9.06,9.24,8.93,8.95,4938400
3-Jul-96,9.26,9.31,9.14,9.29,7592000
2-Jul-96,9.29,9.42,9.24,9.28,6456400
1-Jul-96,9.15,9.35,9.10,9.32,4377300
28-Jun-96,9.20,9.23,9.09,9.11,4031600
27-Jun-96,8.98,9.18,8.88,9.17,5782200
26-Jun-96,9.06,9.06,8.83,9.00,7397200
25-Jun-96,9.18,9.24,8.95,9.04,4351800
24-Jun-96,8.86,9.21,8.84,9.13,7229600
21-Jun-96,8.86,8.89,8.73,8.86,6781700
20-Jun-96,8.87,8.92,8.72,8.83,9227200
19-Jun-96,8.78,8.90,8.73,8.86,8929400
18-Jun-96,8.93,8.95,8.72,8.73,7506400
17-Jun-96,9.07,9.09,8.84,8.93,8844800
14-Jun-96,9.29,9.31,9.03,9.06,7663400
13-Jun-96,9.52,9.52,9.28,9.31,7754500
12-Jun-96,9.48,9.65,9.42,9.52,8302800
11-Jun-96,9.23,9.42,9.18,9.34,5293900
10-Jun-96,9.34,9.34,9.20,9.20,4551000
7-Jun-96,9.15,9.37,9.12,9.34,8820300
6-Jun-96,9.59,9.62,9.32,9.34,6446800
5-Jun-96,9.43,9.55,9.38,9.54,4426700
4-Jun-96,9.55,9.62,9.42,9.47,7034300
3-Jun-96,9.32,9.55,9.28,9.51,8701800
31-May-96,9.17,9.38,9.14,9.37,18136200
30-May-96,8.86,8.89,8.78,8.87,7712100
29-May-96,9.01,9.06,8.84,8.86,7427800
28-May-96,8.83,9.06,8.83,9.00,6649600
24-May-96,8.79,8.86,8.76,8.81,4192100
23-May-96,8.70,8.90,8.64,8.79,5661900
22-May-96,8.66,8.70,8.58,8.67,5724600
